[{"model": "contenttypes.contenttype", "pk": 1, "fields": {"app_label": "admin", "model": "logentry"}}, {"model": "contenttypes.contenttype", "pk": 2, "fields": {"app_label": "auth", "model": "permission"}}, {"model": "contenttypes.contenttype", "pk": 3, "fields": {"app_label": "auth", "model": "group"}}, {"model": "contenttypes.contenttype", "pk": 4, "fields": {"app_label": "auth", "model": "user"}}, {"model": "contenttypes.contenttype", "pk": 5, "fields": {"app_label": "contenttypes", "model": "contenttype"}}, {"model": "contenttypes.contenttype", "pk": 6, "fields": {"app_label": "sessions", "model": "session"}}, {"model": "contenttypes.contenttype", "pk": 7, "fields": {"app_label": "goodlist", "model": "category"}}, {"model": "contenttypes.contenttype", "pk": 8, "fields": {"app_label": "goodlist", "model": "basegood"}}, {"model": "contenttypes.contenttype", "pk": 9, "fields": {"app_label": "goodlist", "model": "good"}}, {"model": "contenttypes.contenttype", "pk": 10, "fields": {"app_label": "goodlist", "model": "bigcategory"}}, {"model": "contenttypes.contenttype", "pk": 11, "fields": {"app_label": "goodlist", "model": "size"}}, {"model": "contenttypes.contenttype", "pk": 12, "fields": {"app_label": "goodlist", "model": "material"}}, {"model": "contenttypes.contenttype", "pk": 13, "fields": {"app_label": "goodlist", "model": "color"}}, {"model": "contenttypes.contenttype", "pk": 14, "fields": {"app_label": "goodlist", "model": "sizing"}}, {"model": "contenttypes.contenttype", "pk": 15, "fields": {"app_label": "goodlist", "model": "brand"}}, {"model": "contenttypes.contenttype", "pk": 16, "fields": {"app_label": "goodlist", "model": "goodimage"}}, {"model": "contenttypes.contenttype", "pk": 17, "fields": {"app_label": "goodlist", "model": "gender"}}, {"model": "goodlist.brand", "pk": 1, "fields": {"name": "River Island", "slug": "river_island", "description": "..."}}, {"model": "goodlist.brand", "pk": 2, "fields": {"name": "Gucci", "slug": "gucci", "description": "."}}, {"model": "goodlist.brand", "pk": 3, "fields": {"name": "Fred Perry", "slug": "fred_perry", "description": "1"}}, {"model": "goodlist.bigcategory", "pk": 1, "fields": {"name": "Shirts", "slug": "shirts"}}, {"model": "goodlist.bigcategory", "pk": 2, "fields": {"name": "Hats", "slug": "hats"}}, {"model": "goodlist.bigcategory", "pk": 3, "fields": {"name": "Hoodies & Sweatshirts", "slug": "hoodies_sweatshirts"}}, {"model": "goodlist.category", "pk": 1, "fields": {"name": "Denim Shirts", "slug": "denim_shirts", "big_category": 1, "description": "..."}}, {"model": "goodlist.category", "pk": 2, "fields": {"name": "Bandanas", "slug": "bandanas", "big_category": 2, "description": "a"}}, {"model": "goodlist.category", "pk": 3, "fields": {"name": "Sweaters", "slug": "sweaters", "big_category": 3, "description": "f"}}, {"model": "goodlist.category", "pk": 4, "fields": {"name": "T-shirts", "slug": "t-shirts", "big_category": 1, "description": "beautiful"}}, {"model": "goodlist.color", "pk": 1, "fields": {"name": "Grey", "slug": "grey"}}, {"model": "goodlist.color", "pk": 2, "fields": {"name": "Orange", "slug": "orange"}}, {"model": "goodlist.color", "pk": 3, "fields": {"name": "White", "slug": "white"}}, {"model": "goodlist.size", "pk": 1, "fields": {"name": "XS"}}, {"model": "goodlist.size", "pk": 2, "fields": {"name": "S"}}, {"model": "goodlist.size", "pk": 3, "fields": {"name": "M"}}, {"model": "goodlist.size", "pk": 4, "fields": {"name": "L"}}, {"model": "goodlist.size", "pk": 5, "fields": {"name": "XL"}}, {"model": "goodlist.size", "pk": 6, "fields": {"name": "XXL"}}, {"model": "goodlist.size", "pk": 7, "fields": {"name": "XXXL"}}, {"model": "goodlist.material", "pk": 1, "fields": {"name": "Cotton", "slug": "cotton"}}, {"model": "goodlist.material", "pk": 2, "fields": {"name": "Nylon", "slug": "nylon"}}, {"model": "goodlist.material", "pk": 3, "fields": {"name": "Polyester", "slug": "polyester"}}, {"model": "goodlist.material", "pk": 4, "fields": {"name": "Wool", "slug": "wool"}}, {"model": "goodlist.gender", "pk": 1, "fields": {"name": "Male"}}, {"model": "goodlist.gender", "pk": 2, "fields": {"name": "Female"}}, {"model": "goodlist.basegood", "pk": 1, "fields": {"name": "Shirt1", "slug": "shirt1", "show_name": false, "brand": 1, "category": 1, "description": "...", "sex": 1, "material": [1]}}, {"model": "goodlist.basegood", "pk": 2, "fields": {"name": "Wrap1", "slug": "wrap1", "show_name": false, "brand": 2, "category": 2, "description": "wow", "sex": 1, "material": [1]}}, {"model": "goodlist.basegood", "pk": 3, "fields": {"name": "Sweater1", "slug": "sweater1", "show_name": false, "brand": 3, "category": 3, "description": "f", "sex": 1, "material": [4]}}, {"model": "goodlist.basegood", "pk": 4, "fields": {"name": "Shirt2", "slug": "shirt2", "show_name": false, "brand": 2, "category": 1, "description": "Super Cool", "sex": 1, "material": [1, 2]}}, {"model": "goodlist.good", "pk": 1, "fields": {"name": "Shirt1_g", "slug": "shirt1_g", "base_good": 1, "color": 1, "price": "99999.99", "date": "2019-03-17T09:34:43.175Z"}}, {"model": "goodlist.good", "pk": 2, "fields": {"name": "Wrap1_o", "slug": "wrap1_o", "base_good": 2, "color": 2, "price": "4990.99", "date": "2019-03-17T09:34:43.175Z"}}, {"model": "goodlist.good", "pk": 3, "fields": {"name": "Sweater1_w", "slug": "sweater1_w", "base_good": 3, "color": 3, "price": "6969.69", "date": "2019-03-17T09:34:43.175Z"}}, {"model": "goodlist.good", "pk": 4, "fields": {"name": "Sweater1_g", "slug": "sweater1_g", "base_good": 3, "color": 1, "price": "99999.99", "date": "2019-03-17T13:11:41.196Z"}}, {"model": "goodlist.good", "pk": 5, "fields": {"name": "Shirt2_w", "slug": "shirt2_w", "base_good": 4, "color": 3, "price": "420.69", "date": "2019-03-17T15:12:36.639Z"}}, {"model": "goodlist.sizing", "pk": 3, "fields": {"size": 1, "good": 1, "quantity": 999, "reserved": 0}}, {"model": "goodlist.sizing", "pk": 4, "fields": {"size": 4, "good": 2, "quantity": 6, "reserved": 0}}, {"model": "goodlist.sizing", "pk": 5, "fields": {"size": 3, "good": 3, "quantity": 8, "reserved": 0}}, {"model": "goodlist.sizing", "pk": 6, "fields": {"size": 3, "good": 5, "quantity": 10, "reserved": 0}}, {"model": "goodlist.sizing", "pk": 7, "fields": {"size": 4, "good": 5, "quantity": 54, "reserved": 0}}, {"model": "goodlist.sizing", "pk": 8, "fields": {"size": 5, "good": 5, "quantity": 5, "reserved": 0}}, {"model": "goodlist.goodimage", "pk": 1, "fields": {"name": "Kluch", "slug": "kluch", "good": 1, "image": "static/media/p8bkdiRfMWg.jpg"}}, {"model": "goodlist.goodimage", "pk": 2, "fields": {"name": "Wrap1_o1", "slug": "wrap1_o1", "good": 2, "image": "static/media/W8lJoCnWodI.jpg"}}, {"model": "goodlist.goodimage", "pk": 3, "fields": {"name": "harold1", "slug": "harold1", "good": 3, "image": "static/media/OEHy4Z98v0Y.jpg"}}, {"model": "goodlist.goodimage", "pk": 4, "fields": {"name": "zhan1", "slug": "zhan1", "good": 5, "image": "static/media/man_y90cFJq.jpg"}}, {"model": "auth.permission", "pk": 1, "fields": {"name": "Can add log entry", "content_type": 1, "codename": "add_logentry"}}, {"model": "auth.permission", "pk": 2, "fields": {"name": "Can change log entry", "content_type": 1, "codename": "change_logentry"}}, {"model": "auth.permission", "pk": 3, "fields": {"name": "Can delete log entry", "content_type": 1, "codename": "delete_logentry"}}, {"model": "auth.permission", "pk": 4, "fields": {"name": "Can view log entry", "content_type": 1, "codename": "view_logentry"}}, {"model": "auth.permission", "pk": 5, "fields": {"name": "Can add permission", "content_type": 2, "codename": "add_permission"}}, {"model": "auth.permission", "pk": 6, "fields": {"name": "Can change permission", "content_type": 2, "codename": "change_permission"}}, {"model": "auth.permission", "pk": 7, "fields": {"name": "Can delete permission", "content_type": 2, "codename": "delete_permission"}}, {"model": "auth.permission", "pk": 8, "fields": {"name": "Can view permission", "content_type": 2, "codename": "view_permission"}}, {"model": "auth.permission", "pk": 9, "fields": {"name": "Can add group", "content_type": 3, "codename": "add_group"}}, {"model": "auth.permission", "pk": 10, "fields": {"name": "Can change group", "content_type": 3, "codename": "change_group"}}, {"model": "auth.permission", "pk": 11, "fields": {"name": "Can delete group", "content_type": 3, "codename": "delete_group"}}, {"model": "auth.permission", "pk": 12, "fields": {"name": "Can view group", "content_type": 3, "codename": "view_group"}}, {"model": "auth.permission", "pk": 13, "fields": {"name": "Can add user", "content_type": 4, "codename": "add_user"}}, {"model": "auth.permission", "pk": 14, "fields": {"name": "Can change user", "content_type": 4, "codename": "change_user"}}, {"model": "auth.permission", "pk": 15, "fields": {"name": "Can delete user", "content_type": 4, "codename": "delete_user"}}, {"model": "auth.permission", "pk": 16, "fields": {"name": "Can view user", "content_type": 4, "codename": "view_user"}}, {"model": "auth.permission", "pk": 17, "fields": {"name": "Can add content type", "content_type": 5, "codename": "add_contenttype"}}, {"model": "auth.permission", "pk": 18, "fields": {"name": "Can change content type", "content_type": 5, "codename": "change_contenttype"}}, {"model": "auth.permission", "pk": 19, "fields": {"name": "Can delete content type", "content_type": 5, "codename": "delete_contenttype"}}, {"model": "auth.permission", "pk": 20, "fields": {"name": "Can view content type", "content_type": 5, "codename": "view_contenttype"}}, {"model": "auth.permission", "pk": 21, "fields": {"name": "Can add session", "content_type": 6, "codename": "add_session"}}, {"model": "auth.permission", "pk": 22, "fields": {"name": "Can change session", "content_type": 6, "codename": "change_session"}}, {"model": "auth.permission", "pk": 23, "fields": {"name": "Can delete session", "content_type": 6, "codename": "delete_session"}}, {"model": "auth.permission", "pk": 24, "fields": {"name": "Can view session", "content_type": 6, "codename": "view_session"}}, {"model": "auth.permission", "pk": 25, "fields": {"name": "Can add category", "content_type": 7, "codename": "add_category"}}, {"model": "auth.permission", "pk": 26, "fields": {"name": "Can change category", "content_type": 7, "codename": "change_category"}}, {"model": "auth.permission", "pk": 27, "fields": {"name": "Can delete category", "content_type": 7, "codename": "delete_category"}}, {"model": "auth.permission", "pk": 28, "fields": {"name": "Can view category", "content_type": 7, "codename": "view_category"}}, {"model": "auth.permission", "pk": 29, "fields": {"name": "Can add base good", "content_type": 8, "codename": "add_basegood"}}, {"model": "auth.permission", "pk": 30, "fields": {"name": "Can change base good", "content_type": 8, "codename": "change_basegood"}}, {"model": "auth.permission", "pk": 31, "fields": {"name": "Can delete base good", "content_type": 8, "codename": "delete_basegood"}}, {"model": "auth.permission", "pk": 32, "fields": {"name": "Can view base good", "content_type": 8, "codename": "view_basegood"}}, {"model": "auth.permission", "pk": 33, "fields": {"name": "Can add good", "content_type": 9, "codename": "add_good"}}, {"model": "auth.permission", "pk": 34, "fields": {"name": "Can change good", "content_type": 9, "codename": "change_good"}}, {"model": "auth.permission", "pk": 35, "fields": {"name": "Can delete good", "content_type": 9, "codename": "delete_good"}}, {"model": "auth.permission", "pk": 36, "fields": {"name": "Can view good", "content_type": 9, "codename": "view_good"}}, {"model": "auth.permission", "pk": 37, "fields": {"name": "Can add big category", "content_type": 10, "codename": "add_bigcategory"}}, {"model": "auth.permission", "pk": 38, "fields": {"name": "Can change big category", "content_type": 10, "codename": "change_bigcategory"}}, {"model": "auth.permission", "pk": 39, "fields": {"name": "Can delete big category", "content_type": 10, "codename": "delete_bigcategory"}}, {"model": "auth.permission", "pk": 40, "fields": {"name": "Can view big category", "content_type": 10, "codename": "view_bigcategory"}}, {"model": "auth.permission", "pk": 41, "fields": {"name": "Can add size", "content_type": 11, "codename": "add_size"}}, {"model": "auth.permission", "pk": 42, "fields": {"name": "Can change size", "content_type": 11, "codename": "change_size"}}, {"model": "auth.permission", "pk": 43, "fields": {"name": "Can delete size", "content_type": 11, "codename": "delete_size"}}, {"model": "auth.permission", "pk": 44, "fields": {"name": "Can view size", "content_type": 11, "codename": "view_size"}}, {"model": "auth.permission", "pk": 45, "fields": {"name": "Can add material", "content_type": 12, "codename": "add_material"}}, {"model": "auth.permission", "pk": 46, "fields": {"name": "Can change material", "content_type": 12, "codename": "change_material"}}, {"model": "auth.permission", "pk": 47, "fields": {"name": "Can delete material", "content_type": 12, "codename": "delete_material"}}, {"model": "auth.permission", "pk": 48, "fields": {"name": "Can view material", "content_type": 12, "codename": "view_material"}}, {"model": "auth.permission", "pk": 49, "fields": {"name": "Can add color", "content_type": 13, "codename": "add_color"}}, {"model": "auth.permission", "pk": 50, "fields": {"name": "Can change color", "content_type": 13, "codename": "change_color"}}, {"model": "auth.permission", "pk": 51, "fields": {"name": "Can delete color", "content_type": 13, "codename": "delete_color"}}, {"model": "auth.permission", "pk": 52, "fields": {"name": "Can view color", "content_type": 13, "codename": "view_color"}}, {"model": "auth.permission", "pk": 53, "fields": {"name": "Can add sizing", "content_type": 14, "codename": "add_sizing"}}, {"model": "auth.permission", "pk": 54, "fields": {"name": "Can change sizing", "content_type": 14, "codename": "change_sizing"}}, {"model": "auth.permission", "pk": 55, "fields": {"name": "Can delete sizing", "content_type": 14, "codename": "delete_sizing"}}, {"model": "auth.permission", "pk": 56, "fields": {"name": "Can view sizing", "content_type": 14, "codename": "view_sizing"}}, {"model": "auth.permission", "pk": 57, "fields": {"name": "Can add brand", "content_type": 15, "codename": "add_brand"}}, {"model": "auth.permission", "pk": 58, "fields": {"name": "Can change brand", "content_type": 15, "codename": "change_brand"}}, {"model": "auth.permission", "pk": 59, "fields": {"name": "Can delete brand", "content_type": 15, "codename": "delete_brand"}}, {"model": "auth.permission", "pk": 60, "fields": {"name": "Can view brand", "content_type": 15, "codename": "view_brand"}}, {"model": "auth.permission", "pk": 61, "fields": {"name": "Can add good image", "content_type": 16, "codename": "add_goodimage"}}, {"model": "auth.permission", "pk": 62, "fields": {"name": "Can change good image", "content_type": 16, "codename": "change_goodimage"}}, {"model": "auth.permission", "pk": 63, "fields": {"name": "Can delete good image", "content_type": 16, "codename": "delete_goodimage"}}, {"model": "auth.permission", "pk": 64, "fields": {"name": "Can view good image", "content_type": 16, "codename": "view_goodimage"}}, {"model": "auth.permission", "pk": 65, "fields": {"name": "Can add gender", "content_type": 17, "codename": "add_gender"}}, {"model": "auth.permission", "pk": 66, "fields": {"name": "Can change gender", "content_type": 17, "codename": "change_gender"}}, {"model": "auth.permission", "pk": 67, "fields": {"name": "Can delete gender", "content_type": 17, "codename": "delete_gender"}}, {"model": "auth.permission", "pk": 68, "fields": {"name": "Can view gender", "content_type": 17, "codename": "view_gender"}}, {"model": "auth.user", "pk": 1, "fields": {"password": "pbkdf2_sha256$120000$zEZB4IgHxXNI$UKTHl65RuX50+gxjeSkxomyiQfTK1DxjPjbPsFCW0wE=", "last_login": "2019-03-17T17:04:46.723Z", "is_superuser": true, "username": "admin", "first_name": "", "last_name": "", "email": "", "is_staff": true, "is_active": true, "date_joined": "2019-03-16T21:20:12.629Z", "groups": [], "user_permissions": []}}, {"model": "auth.user", "pk": 2, "fields": {"password": "pbkdf2_sha256$120000$Ig0elwfl9bIy$jY9qRZh/BdJmYBIEOSVwdzbo/Xpe6x7eIhC8jXLek6E=", "last_login": "2019-03-17T01:41:43.659Z", "is_superuser": false, "username": "valera", "first_name": "", "last_name": "", "email": "", "is_staff": true, "is_active": true, "date_joined": "2019-03-16T21:21:24Z", "groups": [], "user_permissions": []}}, {"model": "admin.logentry", "pk": 1, "fields": {"action_time": "2019-03-16T21:21:24.563Z", "user": 1, "content_type": 4, "object_id": "2", "object_repr": "valera", "action_flag": 1, "change_message": "[{\"added\": {}}]"}}, {"model": "admin.logentry", "pk": 2, "fields": {"action_time": "2019-03-17T01:41:38.122Z", "user": 1, "content_type": 4, "object_id": "2", "object_repr": "valera", "action_flag": 2, "change_message": "[{\"changed\": {\"fields\": [\"is_staff\"]}}]"}}, {"model": "admin.logentry", "pk": 3, "fields": {"action_time": "2019-03-17T07:06:18.362Z", "user": 1, "content_type": 12, "object_id": "1", "object_repr": "Material object (1)", "action_flag": 1, "change_message": "[{\"added\": {}}]"}}, {"model": "admin.logentry", "pk": 4, "fields": {"action_time": "2019-03-17T07:11:28.055Z", "user": 1, "content_type": 12, "object_id": "2", "object_repr": "Nylon", "action_flag": 1, "change_message": "[{\"added\": {}}]"}}, {"model": "admin.logentry", "pk": 5, "fields": {"action_time": "2019-03-17T07:11:47.392Z", "user": 1, "content_type": 12, "object_id": "3", "object_repr": "Polyester", "action_flag": 1, "change_message": "[{\"added\": {}}]"}}, {"model": "admin.logentry", "pk": 6, "fields": {"action_time": "2019-03-17T07:12:03.537Z", "user": 1, "content_type": 11, "object_id": "1", "object_repr": "XS", "action_flag": 1, "change_message": "[{\"added\": {}}]"}}, {"model": "admin.logentry", "pk": 7, "fields": {"action_time": "2019-03-17T07:12:05.883Z", "user": 1, "content_type": 11, "object_id": "2", "object_repr": "S", "action_flag": 1, "change_message": "[{\"added\": {}}]"}}, {"model": "admin.logentry", "pk": 8, "fields": {"action_time": "2019-03-17T07:12:09.548Z", "user": 1, "content_type": 11, "object_id": "3", "object_repr": "M", "action_flag": 1, "change_message": "[{\"added\": {}}]"}}, {"model": "admin.logentry", "pk": 9, "fields": {"action_time": "2019-03-17T07:12:12.488Z", "user": 1, "content_type": 11, "object_id": "4", "object_repr": "L", "action_flag": 1, "change_message": "[{\"added\": {}}]"}}, {"model": "admin.logentry", "pk": 10, "fields": {"action_time": "2019-03-17T07:12:15.843Z", "user": 1, "content_type": 11, "object_id": "5", "object_repr": "XL", "action_flag": 1, "change_message": "[{\"added\": {}}]"}}, {"model": "admin.logentry", "pk": 11, "fields": {"action_time": "2019-03-17T07:12:19.094Z", "user": 1, "content_type": 11, "object_id": "6", "object_repr": "XXL", "action_flag": 1, "change_message": "[{\"added\": {}}]"}}, {"model": "admin.logentry", "pk": 12, "fields": {"action_time": "2019-03-17T07:12:22.240Z", "user": 1, "content_type": 11, "object_id": "7", "object_repr": "XXXL", "action_flag": 1, "change_message": "[{\"added\": {}}]"}}, {"model": "admin.logentry", "pk": 13, "fields": {"action_time": "2019-03-17T07:15:27.334Z", "user": 1, "content_type": 15, "object_id": "1", "object_repr": "River Island", "action_flag": 1, "change_message": "[{\"added\": {}}]"}}, {"model": "admin.logentry", "pk": 14, "fields": {"action_time": "2019-03-17T07:16:09.656Z", "user": 1, "content_type": 10, "object_id": "1", "object_repr": "Shirts", "action_flag": 1, "change_message": "[{\"added\": {}}]"}}, {"model": "admin.logentry", "pk": 15, "fields": {"action_time": "2019-03-17T07:16:43.530Z", "user": 1, "content_type": 7, "object_id": "1", "object_repr": "Denim Shirts", "action_flag": 1, "change_message": "[{\"added\": {}}]"}}, {"model": "admin.logentry", "pk": 16, "fields": {"action_time": "2019-03-17T07:16:56.207Z", "user": 1, "content_type": 8, "object_id": "1", "object_repr": "Shirt1", "action_flag": 1, "change_message": "[{\"added\": {}}]"}}, {"model": "admin.logentry", "pk": 17, "fields": {"action_time": "2019-03-17T07:17:03.717Z", "user": 1, "content_type": 13, "object_id": "1", "object_repr": "Grey", "action_flag": 1, "change_message": "[{\"added\": {}}]"}}, {"model": "admin.logentry", "pk": 18, "fields": {"action_time": "2019-03-17T07:17:30.213Z", "user": 1, "content_type": 9, "object_id": "1", "object_repr": "Shirt1_g", "action_flag": 1, "change_message": "[{\"added\": {}}]"}}, {"model": "admin.logentry", "pk": 19, "fields": {"action_time": "2019-03-17T07:17:37.368Z", "user": 1, "content_type": 16, "object_id": "1", "object_repr": "Kluch", "action_flag": 1, "change_message": "[{\"added\": {}}]"}}, {"model": "admin.logentry", "pk": 20, "fields": {"action_time": "2019-03-17T07:18:29.318Z", "user": 1, "content_type": 16, "object_id": "1", "object_repr": "Kluch", "action_flag": 2, "change_message": "[{\"changed\": {\"fields\": [\"image\"]}}]"}}, {"model": "admin.logentry", "pk": 21, "fields": {"action_time": "2019-03-17T07:25:21.410Z", "user": 1, "content_type": 14, "object_id": "3", "object_repr": "Sizing object (3)", "action_flag": 1, "change_message": "[{\"added\": {}}]"}}, {"model": "admin.logentry", "pk": 22, "fields": {"action_time": "2019-03-17T07:44:06.531Z", "user": 1, "content_type": 17, "object_id": "1", "object_repr": "Male", "action_flag": 1, "change_message": "[{\"added\": {}}]"}}, {"model": "admin.logentry", "pk": 23, "fields": {"action_time": "2019-03-17T07:44:11.739Z", "user": 1, "content_type": 17, "object_id": "2", "object_repr": "Female", "action_flag": 1, "change_message": "[{\"added\": {}}]"}}, {"model": "admin.logentry", "pk": 24, "fields": {"action_time": "2019-03-17T07:44:13.189Z", "user": 1, "content_type": 17, "object_id": "2", "object_repr": "Female", "action_flag": 2, "change_message": "[]"}}, {"model": "admin.logentry", "pk": 25, "fields": {"action_time": "2019-03-17T07:47:00.730Z", "user": 1, "content_type": 15, "object_id": "2", "object_repr": "Gucci", "action_flag": 1, "change_message": "[{\"added\": {}}]"}}, {"model": "admin.logentry", "pk": 26, "fields": {"action_time": "2019-03-17T07:47:45.409Z", "user": 1, "content_type": 10, "object_id": "2", "object_repr": "Hats", "action_flag": 1, "change_message": "[{\"added\": {}}]"}}, {"model": "admin.logentry", "pk": 27, "fields": {"action_time": "2019-03-17T07:48:06.959Z", "user": 1, "content_type": 7, "object_id": "2", "object_repr": "Bandanas", "action_flag": 1, "change_message": "[{\"added\": {}}]"}}, {"model": "admin.logentry", "pk": 28, "fields": {"action_time": "2019-03-17T07:48:16.383Z", "user": 1, "content_type": 8, "object_id": "2", "object_repr": "Wrap1", "action_flag": 1, "change_message": "[{\"added\": {}}]"}}, {"model": "admin.logentry", "pk": 29, "fields": {"action_time": "2019-03-17T07:48:39.072Z", "user": 1, "content_type": 13, "object_id": "2", "object_repr": "Orange", "action_flag": 1, "change_message": "[{\"added\": {}}]"}}, {"model": "admin.logentry", "pk": 30, "fields": {"action_time": "2019-03-17T07:48:52.607Z", "user": 1, "content_type": 9, "object_id": "2", "object_repr": "Wrap1_o", "action_flag": 1, "change_message": "[{\"added\": {}}]"}}, {"model": "admin.logentry", "pk": 31, "fields": {"action_time": "2019-03-17T07:48:58.749Z", "user": 1, "content_type": 9, "object_id": "2", "object_repr": "Wrap1_o", "action_flag": 2, "change_message": "[]"}}, {"model": "admin.logentry", "pk": 32, "fields": {"action_time": "2019-03-17T07:49:17.640Z", "user": 1, "content_type": 14, "object_id": "4", "object_repr": "Sizing object (4)", "action_flag": 1, "change_message": "[{\"added\": {}}]"}}, {"model": "admin.logentry", "pk": 33, "fields": {"action_time": "2019-03-17T07:49:45.526Z", "user": 1, "content_type": 16, "object_id": "2", "object_repr": "Wrap1_o1", "action_flag": 1, "change_message": "[{\"added\": {}}]"}}, {"model": "admin.logentry", "pk": 34, "fields": {"action_time": "2019-03-17T07:51:18.127Z", "user": 1, "content_type": 13, "object_id": "3", "object_repr": "White", "action_flag": 1, "change_message": "[{\"added\": {}}]"}}, {"model": "admin.logentry", "pk": 35, "fields": {"action_time": "2019-03-17T07:51:46.972Z", "user": 1, "content_type": 15, "object_id": "3", "object_repr": "Fred Perry", "action_flag": 1, "change_message": "[{\"added\": {}}]"}}, {"model": "admin.logentry", "pk": 36, "fields": {"action_time": "2019-03-17T07:52:57.095Z", "user": 1, "content_type": 10, "object_id": "3", "object_repr": "Hoodies & Sweatshirts", "action_flag": 1, "change_message": "[{\"added\": {}}]"}}, {"model": "admin.logentry", "pk": 37, "fields": {"action_time": "2019-03-17T07:53:09.222Z", "user": 1, "content_type": 7, "object_id": "3", "object_repr": "Sweaters", "action_flag": 1, "change_message": "[{\"added\": {}}]"}}, {"model": "admin.logentry", "pk": 38, "fields": {"action_time": "2019-03-17T07:53:19.932Z", "user": 1, "content_type": 12, "object_id": "4", "object_repr": "Wool", "action_flag": 1, "change_message": "[{\"added\": {}}]"}}, {"model": "admin.logentry", "pk": 39, "fields": {"action_time": "2019-03-17T07:53:21.450Z", "user": 1, "content_type": 8, "object_id": "3", "object_repr": "Sweater1", "action_flag": 1, "change_message": "[{\"added\": {}}]"}}, {"model": "admin.logentry", "pk": 40, "fields": {"action_time": "2019-03-17T07:53:35.099Z", "user": 1, "content_type": 9, "object_id": "3", "object_repr": "Sweater1_w", "action_flag": 1, "change_message": "[{\"added\": {}}]"}}, {"model": "admin.logentry", "pk": 41, "fields": {"action_time": "2019-03-17T07:54:01.263Z", "user": 1, "content_type": 16, "object_id": "3", "object_repr": "harold1", "action_flag": 1, "change_message": "[{\"added\": {}}]"}}, {"model": "admin.logentry", "pk": 42, "fields": {"action_time": "2019-03-17T10:04:06.533Z", "user": 1, "content_type": 16, "object_id": "3", "object_repr": "harold1", "action_flag": 2, "change_message": "[{\"changed\": {\"fields\": [\"image\"]}}]"}}, {"model": "admin.logentry", "pk": 43, "fields": {"action_time": "2019-03-17T10:04:11.304Z", "user": 1, "content_type": 16, "object_id": "2", "object_repr": "Wrap1_o1", "action_flag": 2, "change_message": "[{\"changed\": {\"fields\": [\"image\"]}}]"}}, {"model": "admin.logentry", "pk": 44, "fields": {"action_time": "2019-03-17T10:04:15.923Z", "user": 1, "content_type": 16, "object_id": "1", "object_repr": "Kluch", "action_flag": 2, "change_message": "[{\"changed\": {\"fields\": [\"image\"]}}]"}}, {"model": "admin.logentry", "pk": 45, "fields": {"action_time": "2019-03-17T12:56:47.705Z", "user": 1, "content_type": 8, "object_id": "1", "object_repr": "Shirt1", "action_flag": 2, "change_message": "[]"}}, {"model": "admin.logentry", "pk": 46, "fields": {"action_time": "2019-03-17T13:11:41.213Z", "user": 1, "content_type": 9, "object_id": "4", "object_repr": "Sweater1_g", "action_flag": 1, "change_message": "[{\"added\": {}}]"}}, {"model": "admin.logentry", "pk": 47, "fields": {"action_time": "2019-03-17T13:12:45.972Z", "user": 1, "content_type": 14, "object_id": "5", "object_repr": "Sizing object (5)", "action_flag": 1, "change_message": "[{\"added\": {}}]"}}, {"model": "admin.logentry", "pk": 48, "fields": {"action_time": "2019-03-17T14:14:38.301Z", "user": 1, "content_type": 15, "object_id": "1", "object_repr": "River Island", "action_flag": 2, "change_message": "[{\"changed\": {\"fields\": [\"slug\"]}}]"}}, {"model": "admin.logentry", "pk": 49, "fields": {"action_time": "2019-03-17T14:14:40.983Z", "user": 1, "content_type": 15, "object_id": "2", "object_repr": "Gucci", "action_flag": 2, "change_message": "[]"}}, {"model": "admin.logentry", "pk": 50, "fields": {"action_time": "2019-03-17T14:14:43.521Z", "user": 1, "content_type": 15, "object_id": "3", "object_repr": "Fred Perry", "action_flag": 2, "change_message": "[]"}}, {"model": "admin.logentry", "pk": 51, "fields": {"action_time": "2019-03-17T14:14:46.425Z", "user": 1, "content_type": 15, "object_id": "1", "object_repr": "River Island", "action_flag": 2, "change_message": "[]"}}, {"model": "admin.logentry", "pk": 52, "fields": {"action_time": "2019-03-17T15:12:05.571Z", "user": 1, "content_type": 8, "object_id": "4", "object_repr": "Shirt2_w", "action_flag": 1, "change_message": "[{\"added\": {}}]"}}, {"model": "admin.logentry", "pk": 53, "fields": {"action_time": "2019-03-17T15:12:16.351Z", "user": 1, "content_type": 8, "object_id": "4", "object_repr": "Shirt2", "action_flag": 2, "change_message": "[{\"changed\": {\"fields\": [\"name\", \"slug\"]}}]"}}, {"model": "admin.logentry", "pk": 54, "fields": {"action_time": "2019-03-17T15:12:36.639Z", "user": 1, "content_type": 9, "object_id": "5", "object_repr": "Shirt2_w", "action_flag": 1, "change_message": "[{\"added\": {}}]"}}, {"model": "admin.logentry", "pk": 55, "fields": {"action_time": "2019-03-17T15:13:16.889Z", "user": 1, "content_type": 16, "object_id": "4", "object_repr": "zhan1", "action_flag": 1, "change_message": "[{\"added\": {}}]"}}, {"model": "admin.logentry", "pk": 56, "fields": {"action_time": "2019-03-17T17:00:50.582Z", "user": 1, "content_type": 7, "object_id": "4", "object_repr": "T-shirts", "action_flag": 1, "change_message": "[{\"added\": {}}]"}}, {"model": "admin.logentry", "pk": 57, "fields": {"action_time": "2019-03-17T17:05:08.231Z", "user": 1, "content_type": 14, "object_id": "6", "object_repr": "Sizing object (6)", "action_flag": 1, "change_message": "[{\"added\": {}}]"}}, {"model": "admin.logentry", "pk": 58, "fields": {"action_time": "2019-03-17T17:05:18.069Z", "user": 1, "content_type": 14, "object_id": "7", "object_repr": "Sizing object (7)", "action_flag": 1, "change_message": "[{\"added\": {}}]"}}, {"model": "admin.logentry", "pk": 59, "fields": {"action_time": "2019-03-17T17:05:32.079Z", "user": 1, "content_type": 14, "object_id": "8", "object_repr": "Sizing object (8)", "action_flag": 1, "change_message": "[{\"added\": {}}]"}}]